{
 "iv_pars": {
  "b": 0.36702899657774424,
  "se": 0.6063786138341224,
  "p": 0.5546782991451912,
  "F": 22.157066136402694,
  "n": 1021
 },
 "iv_full": {
  "b": 0.8440784230448912,
  "se": 1.0020635559005995,
  "p": 0.41375647422914374,
  "F": 5.677791987722241
 },
 "iv_prop_pars": {
  "b": 0.20307835890670844,
  "se": 0.5570409501999205,
  "p": 0.7208829773193803
 },
 "rf_pars": {
  "b": 0.16608036555651712,
  "se": 0.28613137068718686,
  "p": 0.5616220070865947
 },
 "fs_pars": {
  "b": 0.4524993041560851,
  "se": 0.09613063003911557
 }
}