{
 "wild_bootstrap_p": 0.001,
 "t_obs_main": 2.9106838667141512,
 "ols_v_main": {
  "b": 0.7687045328798251,
  "se": 0.2640975688464607,
  "p": 0.003606387056113499,
  "n": 1050.0
 },
 "ols_v_biv": {
  "b": 1.0169360826335057,
  "se": 0.3495596070414046
 },
 "ols_p_main": {
  "b": 0.2646275401397742,
  "se": 0.14394180119023392,
  "p": 0.06599843921677537
 },
 "ppml_main": {
  "b": 0.6343985543463276,
  "se": 0.3489923910757166,
  "p": 0.06909462522967072
 },
 "sd_slave_share": 0.22029303963534183,
 "effect_1sd_violent_pct": 18.452311398149845,
 "effect_1sd_murder_pct": 14.999039006752213,
 "panel_pooled": {
  "b": 0.7167136512661676,
  "se": 0.11082057960115482,
  "p": 9.974732289341606e-11,
  "n": 3998.0,
  "counties": 1071.0
 },
 "gini_on_slave": {
  "b": 0.014812863005141313,
  "se": 0.02198196520019823,
  "p": 0.500397549804076
 },
 "hr_slave": {
  "b": 0.7354661139537539,
  "se": 0.25804686100707447
 },
 "hr_gini": {
  "b": -0.12155233876768634,
  "se": 0.38388522003394954,
  "p": 0.7515189103341083
 },
 "hr_gini_alone": {
  "b": -0.06057831526180535,
  "se": 0.38284342117287373,
  "p": 0.874273505263703
 },
 "loso_min": 0.6712204186732573,
 "loso_max": 1.082660605384961
}