{
 "F_pars": 22.15706613640272,
 "b_pars": 0.4524993041560844,
 "se_pars": 0.09613063003911539,
 "F_nofe": 1.1521300937075603,
 "ar_lo": -5.350000000000002,
 "ar_hi": 2.749999999999968
}