{
 "corr_with_abs_pslave": 0.998489914289549,
 "n_with_cottonsuit": 1028,
 "conley": {
  "b": 0.7687045328798245,
  "n": 1050,
  "se_100km": 0.15592950579969006,
  "se_200km": 0.18874166280795307,
  "se_500km": 0.25991590781912444
 },
 "iv_violent": {
  "b": 0.8440784230497229,
  "se": 0.958899830426972,
  "p": 0.3787200249551601,
  "F": 6.200454558889248,
  "n": 1007
 },
 "iv_violent_geo": {
  "b": -4.91425047305529,
  "se": 13.906107729421368,
  "p": 0.7237976415005296,
  "F": 0.27488247562868773
 },
 "iv_property": {
  "b": 0.9484588805651128,
  "se": 0.9056314089289544,
  "p": 0.294965764166089
 },
 "fs_coef": {
  "b": 0.26787797518816353,
  "se": 0.1124209546169892
 },
 "rf_violent": {
  "b": 0.2261100188655787,
  "se": 0.3207615577835668,
  "p": 0.4808623870962361
 }
}